Event Name,Description,Start,End,Location,City,Relevance,Event URL,ERROR
Multiple Sclerosis Roadshow Mercer Island,Free Multiple Sclerosis workshop lunch with educational presentations by physicians and providers at the Swedish MS Center.,"June 10, 2023, 11:00","June 10, 2023, 15:00","8236 Southeast 24th Street Mercer Island, WA 98040",Mercer Island,FALSE.,https://www.eventbrite.com/e/multiple-sclerosis-roadshow-mercer-island-tickets-602792126477,
"""sustainabilityCAMPS: #4 Nachhaltigkeitsorientierte Unternehmenskultur""","This event discusses effective ways to establish sustainability strategies for businesses amidst the ongoing digital and sustainability transformations. The workshop provides theoretical and practical insights to strategize sustainable development that caters to companies of all levels. It is a half-day program that starts on August 29, 2023, from 09:00 to 13:00","August 29, 2023, 13:00","digitalHUB Aachen e.V. in der digitalCHURCH, J√ºlicher Stra√üe 72a 52070 Aachen Germany",Aachen,TRUE.,https://www.eventbrite.de/e/sustainabilitycamps-4-nachhaltigkeitsorientierte-unternehmenskultur-tickets-528281071907,,X
Sustainability Festival,A festival of sustainability in Ryde,"June 17, 2023, 10:30","June 17, 2023, 4:00","Hunter's Hill Town Hall, NSW",Ryde,TRUE,https://www.eventbrite.com.au/e/sustainability-festival-tickets-616879371807,
sustainabilityCAMPS: #3 (ESG) Reporting," In this half-day workshop, attendees will learn how to report on their environmental, social, and governance (ESG) activities by complying with new laws and regulations such as the EU Taxonomy, CSR Directive, and Supply Chains Due Diligence Act"," June 6, 2023, 09:00"," June 6, 2023, 13:00", digitalHUB Aachen e.V., J√ºlicher Stra√üe 72a 52070 Aachen Germany, Aachen, TRUE,X
Socially Inept: Tech Roast Show," 
Renegade tech comedians roast whimpering techies on stage in front of a live crowd. Can you feel it? AI‚Äôs cold shallow breath on the back of your useless tech job. GPTeeth ripping through your soft skills. The final season of humanity sucks. Musk as the villain is boring and ‚Äúhelpful bot kills everyone‚Äù has been done a million times. Take a break from life‚Äôs shitty storytelling and come watch us publicly shame tech nerds for the unspeakable horrors they have so awkwardly unleashed."," 
June 16, 2023, 8:00 PM"," June 16, 2023, 9:30 PM"," 
200 University Street Seattle, WA 98101"," 
Seattle"," 
FALSE.",https://www.eventbrite.com/e/socially-inept-tech-roast-show-tickets-633681687987,
Enchanted Kingdom,Follow this organizer to stay informed on future events,"October 28, 2023, 6:00 AM","October 29, 2023, 11:59 PM",Unknown,Unknown,FALSE.,https://www.eventbrite.com/e/enchanted-kingdom-tickets-598817448107,
BLASTFEST,"BLASTFEST is the brand new Afrobeats festival hitting The Seattle Center on July 29, 2023.","July 29, 2023, 2:00","July 29, 2023, 22:00","305 Harrison Street Seattle, WA 98109",Seattle,FALSE.,https://www.eventbrite.com/e/blastfest-tickets-586320970807,
Re-Evolution Festival,"A 3-Day Music Festival with Free Camping and Parking Included in Darrington, WA. Artists performing include The String Cheese Incident, Markus Schulz, Oliver Smith, and Luttrell.","August 4, 2023, 12:00"," August 6, 2023, 23:00","42501 State Route 530 Northeast Darrington, WA 98241",Darrington,FALSE,https://www.eventbrite.com/e/re-evolution-festival-music-camping-tickets-588576767957,
Seattle Tech Career Fair: Exclusive Tech Hiring Event,Tech Career Fair focus on helping companies achieve their diversity and inclusivity initiative with more diverse non-traditional candidates,"June 23, 2023, 9:00","June 23, 2023, 12:00","Online Seattle, WA 98101",Seattle,FALSE.,https://www.eventbrite.com/e/seattle-tech-career-fair-exclusive-tech-hiring-event-tickets-146585255445,
2023 North West Coast Dealer Meeting,Please join Greenworks Commercial for an invitation-only dealer event to preview and test drive this year‚Äôs product innovations.,"June 22, 2023, 8:00AM","June 23, 2023, 6:00PM","Silver Reef Casino Resort, 4876 Haxton Way Ferndale, WA 98248",Ferndale,FALSE,https://www.eventbrite.com/e/2023-north-west-coast-dealer-meeting-tickets-641304949367,
Grow the Best Garden: 5-Part Workshop Series (In Person),"Join us for a 5 part ‚ÄúGrow the Best Garden‚Äù series that will lead you from planning, to soil, to planting, to harvesting success!","February 11, 2023, 9:30 AM","June 4, 2023, 12:30 PM","1216 North Park Street Victoria, BC V8T 1C9 Canada",Victoria,FALSE,https://www.eventbrite.ca/e/grow-the-best-garden-5-part-workshop-series-in-person-tickets-461356247957,
Rebirth Into Your Divine Feminine Retreat,Unlock your womb space and experience new creation in a safe community of sisterhood,"June 2, 2023, 3:00","June 4, 2023, 4:00","Live Inspired Wellness & Retreat Center, 717 East 1st Street Cle Elum, WA 98922",Cle Elum,FALSE,https://www.eventbrite.com/e/rebirth-into-your-divine-feminine-retreat-tickets-622255191027,
ReSet for MORE Excellence," ReSet for MORE Excellence, our flagship program is foundational for those who want to be leaders in their own lives. It addresses key elements of success and fulfillment in such a way that participants learn in a short period of time what it often takes years of experience to learn."," June 2, 2023, 12:30pm"," June 4, 2023, 7:30pm"," 4051 Meridian Street Bellingham, WA 98226", Bellingham, FALSE,https://www.eventbrite.com/e/reset-for-more-excellence-tickets-597858620227,
Survive Strive Thrive (SST) 2023,"The 9th Annual Survive Strive Thrive (SST) is open for registration. The purpose of Survive Strive Thrive is to provide education to healthcare professionals, students, families supporting people with a brain injury and survivors living with a brain injury on the best practices, challenges and solutions when living with a brain injury.","October 14, 2023, 08:00","October 14, 2023, 16:00","Mich√®le Pujol Room, 3800 Finnerty Road Victoria, BC V8P 5C2 Canada",Victoria,FALSE,https://www.eventbrite.ca/e/survive-strive-thrive-sst-2023-tickets-636627910217,
Ladies' Spring Social,"Join us for refreshments, networking & a presentation empowering women with financial education.","Jun 9, 2023, 6:00 PM","Jun 9, 2023, 8:30 PM","WFG Victoria Office 2840 Peatt Rd #519, 2840 Peatt Road #519, Victoria, BC V9B 3V5 Canada",Victoria,FALSE,https://www.eventbrite.ca/e/ladies-spring-social-tickets-639828102077,
Financial Wellness Workshop,"Join us at our next in-person workshop - where we'll help you achieve a healthier, more harmonious relationship w/ money!","June 12, 2023, 5:30 PM","June 12, 2023, 7:30 PM","Cinderbloc Studio, 602-D Esquimalt Road Victoria, BC V9A 3L4 Canada",Victoria,FALSE,https://www.eventbrite.ca/e/financial-wellness-workshop-tickets-642556893967,
Preserve the Bounty: 3-Part Food Preservation Series,"In this 3-part series, we'll explore dehydrating, fermenting and canning as ways to preserve the bounty of seasonal harvest!","September 9, 2023, 1:00 PM","October 21, 2023, 3:00 PM","1216 N Park St Victoria, BC V8T 3K5 Canada",Victoria,TRUE.,https://www.eventbrite.ca/e/preserve-the-bounty-3-part-food-preservation-series-tickets-462405044937,
A Love Ritual with Sharon Pink on l…ôkÃì ∑…ô≈ã…ôn territory / victoria bc," 
A ritual-based workshop to connect to love as a radical and liberatory experience through divination, singing and writing."," 
June 24, 2023, 5:00 PM"," 
June 24, 2023, 7:30 PM"," 
111 Superior St, 111 Superior Street Victoria, BC V8V 1T2 Canada"," 
Victoria"," 
FALSE",https://www.eventbrite.ca/e/a-love-ritual-with-sharon-pink-on-lkwn-territory-victoria-bc-tickets-636582153357,
Phylum Fantasia,"An evening of weird species, and weirder facts. Learn about Salish Sea species from 5 phylum, participate in trivia, and interact with live sea animals!","July 7, 2023, 6:00 PM","July 7, 2023, 8:00 PM","300-722 Cormorant Street Victoria, BC V8W 1P8 Canada",Victoria,TRUE,https://www.eventbrite.ca/e/phylum-fantasia-tickets-643355191697,
Morning Insights: From Vision to Action for B Corps + B Corp Curious,"Join us for an impact-driven morning, with networking, vibrant conversations, and a panel from 3 leading impact businesses on the island.","Jun 15, 2023, 8:00 AM","Jun 15, 2023, 9:30 AM","50th Parallel Public Relations, 1600 Quadra Street #103 Victoria, BC V8W 2L4 Canada",Victoria,TRUE.,https://www.eventbrite.ca/e/morning-insights-from-vision-to-action-for-b-corps-b-corp-curious-tickets-640355198637,
Scrappy Last Saturdays,Families with school-aged children are invited to join us for free creative reuse crafts every last Saturday of the month at SUPPLY.,"June 24, 2023, 10:00 AM","June 24, 2023, 11:00 AM","750 Fairfield Road Victoria, BC V8W 2H1 Canada",Victoria,TRUE,https://www.eventbrite.ca/e/scrappy-last-saturdays-tickets-562570783357,
3-Day Wellness Retreat for Transforming Individuals From Burnout to Bliss,A personal journey that will improve your overall well-being and increase your happiness by removing limiting beliefs and negative emotions.,"September 15, 2023, 8:00","September 17, 2023, 5:00","Bow Sanctuary, 3533 Chuckanut Drive Bow, WA 98232",,,FALSE,X
Future Oceans: Tides are Changing," ""Future Oceans: Tides Are Changing"" is a sustainable event and art exhibition, focused on raising awareness about ocean conservation. Guests of this event will enjoy a one-of-a-kind exhibition and several live music performances, as well as a sustainable tasting menu"," Jul 1, 2023, 5:00 PM"," Jul 1, 2023, 11:00 PM"," 1 Cooperage Pl, 1 Cooperage Place Victoria, BC V9A 7J9 Canada", Victoria, TRUE,https://www.eventbrite.ca/e/future-oceans-international-presents-tides-are-changing-canada-day-event-tickets-631838394647,
Winter Vegetable Growing,,Learn how to grow winter vegetables in this informative workshop! You will learn the best practices for planting and taking care of your winter garden so that it thrives throughout the colder months. The workshop is led by experienced gardeners who will provide helpful tips and answer any questions you may have.,,"October 28, 2023, 10:00","November 4, 2023, 12:00",,Compost Education Centre,X
Retiring into Your Garden with Ease,"Learning to plan, design, build and maintain simpler gardens & gardening lifestyles doesn‚Äôt have to be difficult. So in this gardening program, you‚Äôll discover great tools for debilitated or aging bodies. And you‚Äôll thrill to easy-care plants that add Wow!. Moreover, we‚Äôll share other tips for less-aches-more-ahhs in your garden. So whether you‚Äôre young or old, a veteran gardener or the newly aspiring green thumb who just wants easier ways to garden, this program can help ease your gardening lifestyle.","August 11, 2023, 1:00 PM","August 11, 2023, 2:30 PM","Padilla Bay National Estuarine Research Reserve, 10441 Bayview-Edison Road Mount Vernon, WA 98273-9668",Mount Vernon,FALSE.,https://www.eventbrite.com/e/retiring-into-your-garden-with-ease-tickets-642339824707,
Urban Foraging,Participate in this 'weed walk' and learn how to identify and gather some of the most common edible weeds and wild foods all around you.,"September 9, 2023, 12:30 PM","September 9, 2023, 3:00 PM","905 Rogers Street Northwest Olympia, WA 98502",Olympia,TRUE,https://www.eventbrite.com/e/urban-foraging-tickets-642755588267,
C.A.R.E. Presents: Moonlight Movie Night - A Wellness Program Fundraiser!," C.A.R.E. is fundraising for the launch of its Summer Re-Entry Program at GRuB, a holistic retreat for BIPOC young adults who suffer PTSS"," July 29, 2023, 3:00pm"," July 29, 2023, 9:00pm"," 2016 Elliott Ave NW, 2016 Elliott Avenue Northwest Olympia, WA 98502", Olympia, TRUE,https://www.eventbrite.com/e/care-presents-moonlight-movie-night-a-wellness-program-fundraiser-registration-611557784797,
Island Nature Healing Retreat,"Join Us! Wellness starts from within. Immerse yourself in relaxation and wellness while releasing stress and conquering anxiety using healing techniques and several other natural energy practices while connecting to nature. Including experiencing and learning simple and gentle procedures such as: üå∏Singing Bowls Sound Healing üå∏Guided Hypnosis üå∏5 Elements Theory üå∏Breath Work üå∏EFT Tapping üå∏Tai Chi/Qigong üå∏Movement and Walking Meditation  üå∏Nature Connection üå∏Mindful Eating Experiences  üå∏ Morning and evening light snacks & buffet lunch and dinner offered to accommodate vegan, vegetarian, egg-free, dairy-free, gluten free, organic, nut-allergy-friendly, sugar conscious, and low-fat diets. ","June 10, 2023, 8:00 AM","June 10, 2023, 6:30 PM","Earth Sanctuary, 2235 Newman Road Langley, WA 98260",Langley,FALSE,https://www.eventbrite.com/e/island-nature-healing-retreat-tickets-601693841477,
Urban Foraging,Participate in this 'weed walk' and learn how to identify and gather some of the most common edible weeds and wild foods all around you.,"June 17, 2023, 12:30","June 17, 2023, 15:00","921 Rogers Street Northwest Olympia, WA 98502",Olympia,TRUE,https://www.eventbrite.com/e/urban-foraging-tickets-640241508587,
Building a Community Centered Major Gifts Program," A World Cafe discussion on building a community centered major gifts program empowering shops of all sizes to achieve fundraising success while advancing equity and dismantling traditional systems of harm. This session will start on April 17, 2023, at 11:30am and will end at 2:00pm"," 4851 South Tacoma Way Tacoma, WA 98409", Tacoma, TRUE.,https://www.eventbrite.com/e/building-a-community-centered-major-gifts-program-tickets-631698245457,,,X
Untangle Your Stress,Join us for an interactive experience to learn short potent techniques to increase your energy and vitality!,"June 16, 2023, 10:00","June 16, 2023, 11:00","225 Terry Avenue North Seattle, WA 98109",Seattle,FALSE.,https://www.eventbrite.com/e/untangle-your-stress-tickets-640782346247,
"Sorry, there is no relevant content in the provided event webpage and it appears to be a generic Eventbrite page. Please provide a valid URL for me to extract the requested information.",https://www.eventbrite.com/e/open-house-truth-bit-pull-tickets-620172922907,,,,,,,X
Revival 2023,"Join us for 3 days of camping, connection, and the healing power of nature.","September 8, 2023, 12:00"," September 10, 2023, 16:00",Sultan,Sultan,FALSE,https://www.eventbrite.com/e/revival-2023-the-roots-of-medicine-tickets-618825713367,
DV8 Kettlebell Practice and Teaching Course,"DV8 Fitness is offering a 2-day 10-hour kettlebell practice and teaching certification course. This course promises to provide education that emphasizes continuing education and community excellence. Upon completing the course, students should be able to train others using their mixed modality approach from kettlebells to bodyweight, Indian clubs to barbell with consistent and replicable results","January 26, 2023, 8:00 ‚Äì January 28, 2023, 18:00","Belltown Strength & Conditioning, 2315 Western Avenue Seattle, WA 98121",Seattle,FALSE,https://www.eventbrite.com/e/the-dv8-kettlebell-practice-and-teaching-course-with-option-to-certify-tickets-608764078747,,X
ELEVATION ROOFTOP PARTY! YOUNG PROFESSIONAL NETWORK & CHILL SOCIAL MIXER," Want to level up your network and make some serious connections? Then come join us on Saturday, June 10th for ‚ÄúELEVATION‚Äù (formerly known as Sunset Sundays), an exclusive monthly rooftop networking mixer series for Seattle young professionals. This ain't your average networking event with stiffs in suits. We're all about providing an organic & chill environment where you can effortlessly build relationships with Seattle‚Äôs dopest creatives, innovators and go-getters around. Elevation is at the stunning Fog Room, located on the 16th floor of the Charter Hotel. They stock a full bar and serve cocktails, wine, beer, spirits, and non-alcoholic beverages. Not only will there be free appetizers, but the views from the rooftop are sick."," June 10, 2023, 6:00 PM"," June 10, 2023, 8:00 PM"," 1610 2nd Avenue Seattle, WA 98101", Seattle, FALSE.,https://www.eventbrite.com/e/elevation-rooftop-party-young-professional-network-chill-social-mixer-tickets-644436887077,
Art + Nature: Nourishing Wellness Retreat,"A restorative pre-holiday retreat, provided by Dream Big Wellness, a Washington State 501c3 Nonprofit","November 17, 2023, 10:00","November 19, 2023, 13:00","6436 Maxwelton Road Clinton, WA 98236",Clinton,FALSE.,https://www.eventbrite.com/e/art-nature-nourishing-wellness-retreat-tickets-605143810427,
Restore & Renew Retreat,,,"July 28, 2023, 4:00","July 30, 2023, 12:00",Sedro-Woolley WA,,,X
Succeeding with Women in Cybersecurity,Join Women in Cybersecurity Western Washington Affiliate at an event on Microsoft‚Äôs campus with breakfast,"June 9, 2023, 9:30 AM","June 9, 2023, 11:00 AM","16071 Northeast 36th Way Redmond, WA 98052",Redmond,FALSE,https://www.eventbrite.com/e/succeeding-with-women-in-cybersecurity-tickets-647408475177,
How to Reset to Your Superwoman's 'SELF'!,"A workshop designed for all Superwomen - women managing their demanding career and family life while sacrificing their own needs. It is a 2-day workshop that starts on July 15, 2023, at 12:00 PM PDT, and ends on July 16, 2023, at 2:30 PM PDT",Seattle,Seattle,FALSE,https://www.eventbrite.com/e/how-to-reset-to-your-superwomans-self-seattle-tickets-515484797907,,,X
Blockchain Backyard - Rooftop Networking and Barbecue,"Join us for a rooftop barbecue and conversations about Web3, Blockchain, Crypto, NFTs, and Bitcoin.","June 13, 2023, 4:00 PM","June 13, 2023, 8:00 PM","2505 3rd Ave Suite 324 Seattle, WA 98121",Seattle,FALSE,https://www.eventbrite.com/e/blockchain-backyard-rooftop-networking-and-barbecue-tickets-645632844217,
Cybersecurity Forum with the Department of Homeland Security,"A presentation on IT/OT convergence, which is required for organizations to stay competitive in the interconnected world.","June 28, 2023, 11:00","June 28, 2023, 17:00","1820 130th Avenue NE Suite 2 Bellevue, WA 98005",Bellevue,FALSE,https://www.eventbrite.com/e/cybersecurity-forum-with-the-department-of-homeland-security-tickets-635500227287,
ACTV Club IRL: Sculpt and Flow at Vuori Seattle,Join Vuori out on the University Village green for a 60-minute vinyasa power flow session led by Hannah at 9AM.,"June 25, 2023, 9:00","June 25, 2023, 10:00","Vuori University Village, 4601 26th Ave NE Seattle, WA 98105",Seattle,FALSE,https://www.eventbrite.com/e/actv-club-irl-sculpt-and-flow-at-vuori-seattle-tickets-641614926517,
Still Positive,"One woman's journey of advocacy, faith, and positivity.","June 15, 2023, 7:00 PM","June 15, 2023, 8:30 PM","5041 Wilson Ave S Seattle, WA 98118",Seattle,FALSE,https://www.eventbrite.com/e/julie-lewis-presents-still-positive-tickets-630508456767,
Soul Family Sundays at Wild Nature Retreat (monthly pkg), A healing circle dedicated to connecting to our Soul Self & each other. Followed by a potluck for collective nourishment.," June 4, 2023, 5:00 PM"," June 4, 2023, 8:00 PM"," 24322 Monroe Camp Road Snohomish, WA 98290"," Lake Roesiger, WA", FALSE,https://www.eventbrite.com/e/soul-family-sundays-at-wild-nature-retreat-monthly-pkg-tickets-637544451617,
'We Heal Together',Michelle Cassandra Johnson hosts a session on personal healing and social change,"June 10, 2023, 9:00 AM","June 10, 2023, 11:00 AM","Third Place Books, Seattle, WA","Seattle, WA",TRUE,https://www.eventbrite.com/e/michelle-cassandra-johnson-presents-we-heal-together-tickets-621115873297,
GLOBAL HEALTH SYSTEMS & POLICY IMPLEMENTATION SYMPOSIUM SERIES- Session 2, Discuss ways the new UW LAPIS Initiative can achieve impact in the real world in Health Systems and Policy Implementation.," June 16, 2023, 12:30"," June 16, 2023, 7:00"," UW South Campus Center, 1601 Northeast Columbia Road Seattle, WA 98195", Seattle, FALSE,https://www.eventbrite.com/e/global-health-systems-policy-implementation-symposium-series-session-2-tickets-643261100267,
Develop a Successful Big Data & Analytics Tech Startup Today!," This is a 4-hour workshop aimed at entrepreneurs who want to learn how to start their own big data and analytics tech startup business. The event consists of 20 different sessions, and the basic edition runs from June 7th to September 27th. Virtual workshops take place every Wednesday from 1 PM to 5 PM PDT. The workshop is organized by Atechup.com"," June 7, 2023, 1:00 PM"," June 7, 2023, 5:00 PM"," Virtual Workshop Seattle, WA", Seattle, TRUE.,https://www.eventbrite.com/e/develop-a-successful-big-data-analytics-tech-startup-today-entrepreneur-tickets-501176310837,
Reclaiming Wellness: Behavioral Health Conference & Resource Fair," 
A behavioral health conference and resource fair led by BIPOC & dedicated toward improving mental health outcomes for communities of color."," 
July 21, 2023, 8:00 AM"," 
July 21, 2023, 5:00 PM"," 
Green River College, 12401 Southeast 320th Street Auburn, WA 98092"," 
Auburn"," 
FALSE",https://www.eventbrite.com/e/reclaiming-wellness-behavioral-health-conference-resource-fair-tickets-498440538067,
PhotoFest: Travel & Street Photography Tips w Fujifilm Creator Dave Julian,Join us for a informative discussion on Travel & Street Photography Tips with Fujifilm Creator Dave Julian. Learn how to capture the perfect shot while on the move. ,"June 10, 2023, 4:00 PM","June 10, 2023, 6:00 PM","Glazer's Camera ‚Ä¢ Seattle, WA",Seattle,TRUE,https://www.eventbrite.com/e/photofest-travel-street-photography-tips-w-fujifilm-creator-dave-julian-tickets-629531935967,
"Irreverent Warriors Silkies Hike - Seattle, WA",We bring veterans together using humor and camaraderie to improve mental health and prevent Veteran suicide.,"July 8, 2023, 7:00","July 8, 2023, 16:00","2401 Utah Ave S Seattle, WA 98134",Seattle,TRUE,https://www.eventbrite.com/e/irreverent-warriors-silkies-hike-seattle-wa-tickets-568316438767,
PhotoFest: Simple On-Location Lighting with Westcott's Michele Celentano, Learn how to create beautiful photographs on-location using Westcott lighting equipment with professional photographer Michele Celentano. Michele will share her tips and tricks on how to set up and operate various lighting techniques with ease. This event is perfect for beginners looking to learn the basics or for more advanced photographers looking to refine their on-location lighting skills.," September 12, 2023, 9:00 AM"," September 12, 2023, 12:00 PM"," Glazer's Camera, 811 Republican St, Seattle, WA 98109, United States", Seattle, TRUE.,https://www.eventbrite.com/e/photofest-simple-on-location-lighting-with-westcotts-michele-celentano-tickets-631708686687,
Embracing CHANGE as a Superpower,Join us in person in Seattle for an enlightening talk on how to embrace a changing world and finding our part in it.,"June 8, 2023, 5:00 PM","June 8, 2023, 7:30 PM","National Nordic Museum, 2655 Northwest Market Street Seattle, WA 98107",Seattle,TRUE,https://www.eventbrite.com/e/embracing-change-as-a-superpower-tickets-627357291547,
The Burien Solar Punk Festival 2023," A One-Day Experience of Entertainment, Community and Networking focused on Green Technologies, Sustainability and Environmental Conservation. Attendees will learn about alternative self-sustaining ways to work and power their daily lives"," August 12, 2023, 10:00 AM-11:00 PM"," August 12, 2023, 11:00 PM"," 614 SW 120th St, 614 Southwest 120th Street Seattle, WA 98146", Seattle, TRUE.,https://www.eventbrite.com/e/the-burien-solar-punk-festival-2023-tickets-546737916827,
Tacoma Sunday Market," Join us for a huge vintage market at Cheney Stadium, home of the Tacoma Rainiers! Vintage, sneakers, makers, food trucks, DJs + R-Bar!"," September 10, 2023, 9:00 AM"," September 10, 2023, 4:00 PM"," 2502 South Tyler Street Tacoma, WA 98405", Tacoma, FALSE.,https://www.eventbrite.com/e/tacoma-sunday-market-at-cheney-stadium-tickets-594175734617,
How to Turn Your Journal Into a Self-Empowerment Tool," This event is about teaching people how to use journaling as a tool for self-growth. The event will take place on July 15, 2023, at 12:00 PM to July 16, 2023, at 9:00 AM", The event will be held in Seattle, Seattle, FALSE,https://www.eventbrite.com/e/how-to-turn-your-journal-into-a-self-empowerment-tool-seattle-tickets-523164106927,,,X
Refuge Day: Pride Edition," Refuge Day is geared towards BIPOC folks (all are welcome.), featuring outdoor activities, skill-sharing, healing workshops, and DJ sets!"," June 10, 2023, 1:00 PM"," June 10, 2023, 5:00 PM"," Seward Park Amphitheater, 5900 Lake Washington Boulevard South Seattle, WA 98118", Seattle, TRUE.,https://www.eventbrite.com/e/refuge-day-pride-edition-tickets-624833161807,
sustainabilityCAMPS: #5 Nachhaltig innovieren,"Die vielf√§ltigen Wechselwirkungen der digitalen Transformation und der Nachhaltigkeitstransformation - zwei gro√üe Transformationsprozesse, die gerade zeitgleich in vollem Gange sind - haben einen essenziellen Einfluss auf die Zukunftsf√§higkeit deutscher Unternehmen. Zudem erh√∂ht sich der Druck auf Unternehmen, ressourcenschonend zu wirtschaften und soziale Verantwortung zu √ºbernehmen.","September 26, 2023, 09:00","September 26, 2023, 13:00","digitalHUB Aachen e.V. in der digitalCHURCH, J√ºlicher Stra√üe 72a, 52070 Aachen, Germany",Aachen,TRUE,https://www.eventbrite.de/e/sustainabilitycamps-5-nachhaltig-innovieren-tickets-528282716827,
Future 500 Corporate Working Group | Sept. 6-7 | Seattle,"This is a two-day working group event where delegates will discuss confidential, sustainability-related business issues under the Chatham House Rule.","September 6, 2023, 9:00","September 7, 2023, 13:00","TBD Seattle, WA 98104",Seattle,TRUE.,https://www.eventbrite.com/e/future-500-corporate-working-group-sept-6-7-seattle-tickets-647353430537,
40-Hour HAZWOPER Training,"Compliance Solutions, the nation's largest provider of OSHA HAZWOPER Training, is pleased to offer open enrollment for 40-Hour OSHA HAZWOPER Site Worker training in 50+ U.S. cities-Nine different cities every week!","June 27, 2023, 8:00","June 30, 2023, 18:00","515 Industry Drive Tukwila, WA 98188",Tukwila,FALSE.,https://www.eventbrite.com/e/40-hour-hazwoper-training-in-seattle-wa-tukwila-tickets-559875812627,
24-Hour HAZWOPER Training," Fulfills initial training requirements Occasional Site Workers under 29 CFR 1910.120(e)(q), California classes meet 8CCR 5192(e)"," June 27, 2023, 8:00"," June 29, 2023, 18:00"," 515 Industry Drive Tukwila, WA 98188", Tukwila, TRUE,https://www.eventbrite.com/e/24-hour-hazwoper-training-training-in-seattle-wa-tukwila-tickets-559867397457,
8-Hour HAZWOPER Refresher Training,"Compliance Solutions is offering open enrollment for their 8-Hour OSHA HAZWOPER Annual Refresher training, which meets OSHA‚Äôs annual refresher requirements for employees who have previously completed their initial 24-Hour 40-Hour HAZWOPER certification.","June 30, 2023, 8:00","June 30, 2023, 18:00","515 Industry Drive Tukwila, WA 98188",Tukwila,FALSE,https://www.eventbrite.com/e/8-hour-hazwoper-refresher-training-in-seattle-wa-tukwila-tickets-559900315917,
DOT HAZMAT Transportation Training in Seattle WA (Tukwila),This course meets both initial and refresher requirements under 49 CFR 172.704(a)(1)(3)(4) for the transportation of hazardous materials.,"June 26, 2023, 8:00"," June 26, 2023, 17:00","515 Industry Drive Tukwila, WA 98188",Tukwila,FALSE,https://www.eventbrite.com/e/dot-hazmat-transportation-training-in-seattle-wa-tukwila-tickets-559859684387,
Crossroads of Seattle Made,A networking happy hour for existing and prospective Seattle Made members,"August 17, 2023, 4:30 PM","August 17, 2023, 7:30 PM","2931 1st Avenue South #Suite A Seattle, WA 98134",Seattle,FALSE.,https://www.eventbrite.com/e/crossroads-of-seattle-made-tickets-638950186207,
Bellevue Tree Code Update - Info Session,Learn more about how Bellevue is working to update and improve tree canopy codes.,"June 8, 2023, 6:00 PM","June 8, 2023, 8:00 PM","450 110th Avenue Northeast Bellevue, WA 98004",Bellevue,FALSE,https://www.eventbrite.com/e/bellevue-tree-code-update-info-session-tickets-639527432767,
Connect to Nature Guided Walk for Mindfulness & Creativity,"Join Seattle artist and nature enthusiast, Teresa Stern, for a guided walk that helps you Connect to Nature with a series of mindfulness and creativity boosting exercises. The session aims to help people, whether they consider themselves an artist or not, find artful ways to engage all five main senses while outside in nature for personal health and wellness","June 23, 2023, 9:30am","June 23, 2023, 10:30am","8498 Seaview Place Northwest Seattle, WA 98117",Seattle,FALSE,https://www.eventbrite.com/e/connect-to-nature-guided-walk-for-mindfulness-creativity-registration-642368460357,
Stillwater Dwellings Live Design Seminar," A live design seminar hosted by Stillwater Dwellings explaining their approach to designing sustainable homes in less time and at a lower cost. The event will take place on June 30, 2023 at 7:00 PM and will end on June 30, 2023 at 8:00 PM.  Address: Bellevue, WA. City: Bellevue. TRUE.",https://www.eventbrite.com/e/stillwater-dwellings-live-design-seminar-bellevue-wa-tickets-632831555217,,,,,,X
Plant This Not That," This event is a gardening workshop by Molbak's Garden + Home featuring sustainable and climate-friendly plant growing practices. Participants will learn about the importance of biodiversity and how to incorporate it into their garden, and how to replace invasive plant species with beneficial ones. The event starts on June 2, 2023, 10:00 AM"," and ends on June 2, 2023, 11:30 AM"," Venue: Molbak's Garden + Home, 13625 NE 175th St, Woodinville, WA 98072", City: Woodinville, TRUE,https://www.eventbrite.com/e/plant-this-not-that-tickets-639885052417,,X
Inclusionary Best Practices Colloquium,"CSTP in partnership with OSPI and the Inclusionary Practices Professional Development Cadre will be holding an Inclusionary Best Practices Colloquium for Washington educators on June 14, 2023. This one time event will be happening in the Sea-Tac area and will feature presentations from each of the Cadre organizations - Association of Educational Service Districts, Association of Washington School Principals, Center for Change in Transition Services, Family Engagement Collaborative, University of Washington Demonstration Sites, Washington Association of School Administrators, and the Washington Education Association.  There will also be hosted discussion around practices and resources that have come out of the Inclusionary Practices Project and that can be used by schools and districts to continue to grow and sustain inclusion and inclusionary practices.","June 14, 2023, 8:30am","June 14, 2023, 4:00pm","Seattle Airport Marriott, 3201 South 176th Street Seattle, WA 98188",Seatac,FALSE,https://www.eventbrite.com/e/inclusionary-best-practices-colloquium-tickets-600783207747,
Climate Design Social,"Join us for an evening of mingling, munching, and learning as we hear from the fantastic Linsey Nancarrow, one of our chapter co-leads, as she shares her inspiring journey as a climate designer.","June 8, 2023, 5:00 PM","June 8, 2023, 7:00 PM","312 2nd Avenue South Seattle, WA 98104",Seattle,TRUE,https://www.eventbrite.com/e/climate-design-social-tickets-630476300587,
Skanska Service Opportunity @ Whale Scout,,"Join us for a volunteer event with Whale Scout. We will be planting native vegetation, removing invasive species, and maintaining trails at a local park that is important habitat for salmon and their predators. All skill levels are welcome. Please bring a water bottle and clothing appropriate for the weather.","June 10, 2023, 8:00","June 10, 2023, 12:00","Local park, address not provided",,FALSE.,X
Bullitt Center Tours 2023," Tour the world famous Bullitt Center, described by Architectural Digest as ""the greenest office building in the world."""," June 17, 2023, 12:00"," June 17, 2023, 13:30"," 1501 East Madison Street Seattle, WA 98122", Seattle, TRUE.,https://www.eventbrite.com/e/bullitt-center-tours-2023-tickets-622134449887,
Bellevue 2030 District Launch Party,"Join the Bellevue community of property owners, managers, architects, engineers, contractors, and developers as we celebrate the launch of the new Bellevue 2030 District. This innovative program brings together real estate professionals to achieve the 2030 goals: a 50% reduction in energy, water, and transportation emissions by the year 2030. Mix and mingle with Bellevue's future-focused leaders and join us as we begin the journey to a more sustainable Bellevue.","June 7, 2023, 3:30pm","June 7, 2023, 5:30pm","Ridgewood, 150 120th Avenue Northeast Bellevue, WA 98005",Bellevue,TRUE.,https://www.eventbrite.com/e/bellevue-2030-district-launch-party-tickets-619964589777,
Rheaply Happy Hour,"Join Rheaply for a networking happy hour during the week of June 6th in Seattle, WA!","June 6, 2023, 6:30pm","June 6, 2023, 9:30pm","714 East Pike Street Seattle, WA 98122",Seattle,FALSE,https://www.eventbrite.com/e/rheaply-happy-hour-tickets-604047631727,
Celebrate Green Businesses on the Olympic Peninsula,Come hang out with folks who are interested in promoting sustainability on the Olympic Peninsula!,"June 8, 2023, 5:30 PM","June 8, 2023, 8:00 PM","Old Alcohol Plant Inn, 310 Hadlock Bay Road Port Hadlock-Irondale, WA 98339",Port Hadlock-Irondale,TRUE,https://www.eventbrite.com/e/celebrate-green-businesses-on-the-olympic-peninsula-tickets-632942757827,
Canary Live Seattle,"Join Canary Media and Seattle's clean energy community for an evening of expert insights, networking, drinks, and hors d'oeuvres.","June 28, 2023, 6:00 pm","June 28, 2023, 10:00 pm","KEXP, 472 1st Avenue North Seattle, WA 98109",Seattle,TRUE.,https://www.eventbrite.com/e/canary-live-seattle-tickets-616481582007,
COMMUNITY JEWELRY RECYCLING EVENT,"Bring your unwanted or unused jewelry and be a part of our community jewelry recycling event. Together, we can give new life to old treasures and make a positive impact on the environment.","June 17, 2023, 10:00","June 17, 2023, 14:00","234 9th Avenue North Seattle, WA 98109",Seattle,TRUE,https://www.eventbrite.com/e/community-jewelry-recycling-event-tickets-648256260927,
The Practicality of Circularity: How to Overcome Implementation Obstacles,Join us for a panel discussion with industry leaders to hear how to overcome obstacles in bringing circularity from concept to reality.,"June 7, 2023, 3:30 PM","June 7, 2023, 6:00 PM","1511 6th Avenue 3rd Floor Seattle, WA 98101",Seattle,TRUE,https://www.eventbrite.com/e/the-practicality-of-circularity-how-to-overcome-implementation-obstacles-tickets-641505228407,
StrongFirst Lifter Instructor Certification," 
Dive deep into the powerlifts plus several high yield barbell exercises"," 
July 14, 2023, 8:00am"," 
July 16, 2023, 6:00pm"," 
4027 Northwest Leary Way Seattle, WA 98107"," 
Seattle"," 
TRUE.",https://www.eventbrite.com/e/strongfirst-lifter-instructor-certificationseattle-washington-tickets-512632797497,
Wine & Wills," A talk about how death and estate planning can save your family from mess, conflict, cost and headache. Angel Latterell, estate planning attorney, will dispel myths and beliefs that say the young and middle income do not need estate plans. June 7, 2023, 5:30pm"," June 7, 2023, 8:00pm"," 307 Occidental Avenue South Seattle, WA 98104", Seattle, FALSE.,https://www.eventbrite.com/e/wine-wills-tickets-626671841347,,X
Refuge Day: Pride Edition," A free family-friendly event that celebrates the LGBTQIA+ community with outdoor activities, skill-sharing, healing workshops, and DJ sets. Refuge Day is a part of the Refuge Day Series event produced by Golden Bricks Events that promotes diversity, equity, and inclusion in the outdoors"," June 10, 2023, 1:00 PM - 5:00 PM"," June 10, 2023, 5:00 PM"," Seward Park Amphitheater, 5900 Lake Washington Boulevard South, Seattle, WA 98118", Seattle, FALSE.,https://www.eventbrite.com/e/refuge-day-pride-edition-tickets-624833161807,
AHG Presents: SEATTLE Queer Industry Night,"AHG is bringing their famous Queer Industry Night to Seattle featuring cocktails, music and an amazing line-up of LGBTQ+ bartenders. A portion of each ticket sale will be donated to The Groundswell Fund, a national organization focused on social justice.","June 5, 2023, 8:00 PM","June 6, 2023, 12:00 AM","722 East Pike Street Seattle, WA 98122",Seattle,FALSE,https://www.eventbrite.com/e/ahg-presents-seattle-queer-industry-night-tickets-639674201757,
Socially Inept: Tech Roast Show,Renegade tech comedians roast whimpering techies on stage in front of a live crowd.,"June 16, 2023, 8:00 PM","June 16, 2023, 9:30 PM","200 University Street Seattle, WA 98101",Seattle,FALSE,https://www.eventbrite.com/e/socially-inept-tech-roast-show-tickets-633681687987,
Enchanted Kingdom," This is an event where people come to have an amazing and fun-filled experience in a surreal environment. The event will feature stunning decorations, lights, and artworks to immerse attendees into a magical kingdom. The Enchanted Kingdom starts on October 1, 2023, at 6:00 PM and Ends on October 3, 2023, at 11:00 PM", No address provided, No city provided, FALSE.,https://www.eventbrite.com/e/enchanted-kingdom-tickets-598817448107,,,X
BLASTFEST," BLASTFEST is the brand new Afrobeats festival hitting The Seattle Center on July 29, 2023. Featuring a lineup of top-tier performers such as Asake, Tiwa Savage, Ayra Starr, Focalistic and more, BLASTFEST promises to be an unforgettable celebration of African music and culture."," July 29, 2023, 2:00 PM"," July 29, 2023, 10:00 PM"," 305 Harrison Street Seattle, WA 98109", Seattle, FALSE,https://www.eventbrite.com/e/blastfest-tickets-586320970807,
Re-Evolution Festival,3-Day Music Festival with Free Camping and Parking Included... (Free Parking does not include RV's or In-Car Camping),"August 4, 2023, 12:00","August 6, 2023, 23:59","42501 State Route 530 Northeast Darrington, WA 98241",Darrington,FALSE.,https://www.eventbrite.com/e/re-evolution-festival-music-camping-tickets-588576767957,
Seattle Tech Career Fair,Tech Career Fair focus on helping companies achieve their diversity and inclusivity initiative with more diverse non-traditional candidates,"June 23, 2023, 9:00 AM","June 23, 2023, 12:00 PM","Online Seattle, WA 98101",Seattle,FALSE.,https://www.eventbrite.com/e/seattle-tech-career-fair-exclusive-tech-hiring-event-tickets-146585255445,
Grow the Best Garden: 5-Part Workshop Series (In Person),"Join us for a 5 part ‚ÄúGrow the Best Garden‚Äù series that will lead you from planning, to soil, to planting, to harvesting success!",2/11/23 9:30,6/4/23 12:30,Compost Education Centre,Victoria,FALSE.,https://www.eventbrite.ca/e/grow-the-best-garden-5-part-workshop-series-in-person-tickets-461356247957,
Solstice Pruning, Late spring/early summer is an excellent time to prune plants in coastal Washington. Learn best practices at this informative outdoor class.," June 10, 2023, 10:00"," June 10, 2023, 12:30"," Hovander Homestead Park, 5299 Nielsen Avenue Ferndale, WA 98248", Ferndale, FALSE.,https://www.eventbrite.com/e/solstice-pruning-tickets-615147431527,
Primo Golf," A golfer‚Äôs paradise with a pleasant climate and breathtaking coastal seascapes, Victoria and Vancouver Island draw golfers from around the world to experience their beautiful and challenging courses. Victoria is also the gateway to the Vancouver Island Golf Trail‚Äîa 250-kilometre-long network of 14¬†scenic courses. For both beginners and experts, Victoria offers golf experiences with some of the best vistas on earth."," June 11, 2023, 9:00 AM","June 11, 2023, 3:00 PM",Hotel Fairmont Empress,Victoria,FALSE,https://www.eventbrite.ca/e/primo-golf-tickets-625096960837,
Preserve the Bounty: 3-Part Food Preservation Series," In this 3-part series, we'll explore dehydrating, fermenting and canning as ways to preserve the bounty of seasonal harvest!"," Sep 9, 2023, 1:00 PM - Oct 21, 2023, 3:00 PM"," Compost Education Centre, 1216 N Park St Victoria, BC V8T 3K5 Canada", Victoria, TRUE,https://www.eventbrite.ca/e/preserve-the-bounty-3-part-food-preservation-series-tickets-462405044937,,X
Building a blue carbon community of practice,"Join WWF-Canada to celebrate the launch of the ""Coastal Blue Carbon in Canada: State of Knowledge"" report, co-authored by 30+ experts!","June 13, 2023, 6:30 PM","June 13, 2023, 7:30 PM","Victoria Conference Centre, Saanich Room, 720 Douglas Street, Victoria, BC V8W 3M7 Canada",Victoria,TRUE,https://www.eventbrite.ca/e/building-a-blue-carbon-community-of-practice-tickets-594783121327,
ASTROCOLOR - Summer 2023 Kick Off, Astrocolor kicks off Summer 2023 with a special evening of live performance & DJs. Get your party shoes polished and get ready to get down!," Jul 1, 2023, 9:00 PM"," Jul 2, 2023, 2:00 AM"," Hermann's Jazz Club, 753 View Street #2 floor, Victoria, BC V8W 1J9 Canada", Victoria, FALSE.,https://www.eventbrite.ca/e/astrocolor-summer-2023-kick-off-tickets-641629500107,
"John Vaillant, Fire Weather: A True Story from a Hotter World"," Built around a blow-by-blow account of the 2016 wildfire that devastated the Canadian oil hub of Fort McMurray, and caused the largest single-day evacuation in the history of modern fire, Fire Weather traces the braided histories of petroleum, automobiles, wildfires, and climate science, mapping out the journey and drama that brought us into a new ‚Äúcentury of fire,‚Äù in which hotter, more destructive blazes are impacting forests and human communities across the globe."," June 20, 2023, 6:00 PM"," June 20, 2023, 7:00 PM"," 1200 11th St Bellingham, WA 98225", Bellingham, FALSE.,https://www.eventbrite.com/e/john-vaillant-fire-weather-a-true-story-from-a-hotter-world-tickets-635723063797,
Growing Perennial Vegetables," Learn about the wide variety of nutrient dense, long lived, and resilient perennial vegetables you can grow in the Pacific Northwest."," October 28, 2023, 10:00 AM"," October 28, 2023, 12:00 PM"," 1216 N Park St Victoria, BC V8T 3K5 Canada", Victoria, TRUE.,https://www.eventbrite.ca/e/growing-perennial-vegetables-tickets-465418036877,
Winter Vegetable Growing,"This event will cover the basics of growing winter vegetables and how to extend the growing season using row covers, cloths, and cold frames.  Attendees will learn which vegetables thrive in cooler temperatures and how to plant and care for winter crops. Some of the winter crops that will be discussed include garlic, spinach, kale, chard, and carrots.","November 4, 2023, 10:00","November 4, 2023, 12:00",Compost Education Centre,Victoria,TRUE,https://www.eventbrite.ca/e/winter-vegetable-growing-tickets-465379110447,
Coastal Marine Strategy Open House: Victoria,"Join us for evening on June 19th in Victoria to learn about B.C.‚Äôs Coastal Marine Strategy. The Coastal Marine Strategy is a vital tool being developed, to build resilience in the face of increasing pressures on marine ecosystems, community well-being, and economic stability. The strategy will lay the groundwork for investments that will improve the health and stewardship of coastal ecosystems, improve livelihoods and jobs, support a thriving and climate-resilient coastal economy, and secure the long-term health of B.C.‚Äôs coastal marine environment","June 19, 2023, 6:00 PM","June 19, 2023, 9:00 PM","KWENCH, 2031 Store Street, Victoria, BC V8T 5L9 Canada",Victoria,TRUE,https://www.eventbrite.com/e/coastal-marine-strategy-open-house-victoria-tickets-645496075137,
CZC2023 Workshop: Building Solutions this Ocean Decade w/ Early Career Pros,Join ECOP Canada &amp, Ocean Startup Project at Coastal Zone Canada to explore ocean tech &amp, social solutions &amp, your role as an early career pro,"June 13, 2023, 3:00 PM","June 13, 2023, 4:30 PM","720 Douglas Street Victoria, BC V8W 3M7 Canada",X
Morning Insights: From Vision to Action for B Corps + B Corp Curious,"Join us for an impact-driven morning, with networking, vibrant conversations, and a panel from 3 leading impact businesses on the island."," June 15, 2023, 8:00 AM"," June 15, 2023, 9:30 AM","1600 Quadra Street #103 Victoria, BC V8W 2L4 Canada",Victoria, TRUE,https://www.eventbrite.ca/e/morning-insights-from-vision-to-action-for-b-corps-b-corp-curious-tickets-640355198637,
Book Launch: Radio Jet Lag by Gregor Craigie,"Join us to celebrate the launch of Gregor Craigie's new novel, Radio Jet Lag!","June 20, 2023, 7:00 PM","June 20, 2023, 9:00 PM","1108 Government Street Victoria, BC V8W 1Y2 Canada",Victoria,FALSE,https://www.eventbrite.ca/e/book-launch-radio-jet-lag-by-gregor-craigie-tickets-634241191477,
Summer Sample Sale,"You are invited to our Georgetown warehouse on June 3rd and 4th for our biannual sample sale. We are featuring spring and summer pieces from 2022 back through our archives. Explore sales samples, one-off experiments, past season styles, slightly damaged items, and of course, a variety of iconic hoodies. Two days only.",6/3/23 10:00,6/4/23 16:00,"940 South Harney Street Seattle, WA 98108",Seattle,FALSE,https://www.eventbrite.com/e/summer-sample-sale-tickets-643269766187,
Wine Wise : Celebrating the Wine Islands,Wine Islands wine tasting event showcasing the best of the region,"June 29, 2023, 7:00 PM","June 29, 2023, 8:30 PM","Vessel Liquor, 1609 Fort Street, Victoria, BC V8R 1H8 Canada",Victoria,FALSE.,https://www.eventbrite.ca/e/wine-wise-celebrating-the-wine-islands-tickets-510663497267,
Victoria International Wine Festival 2023,Explore the world of wine at the Victoria International Wine Festival.,"September 15, 2023, 7:00 PM","September 17, 2023, 9:30 PM","Victoria Conference Centre, 720 Douglas Street Victoria, BC V8W 3M7 Canada",Victoria,FALSE,https://www.eventbrite.ca/e/victoria-international-wine-festival-2023-tickets-571064698887,
Elgar's The Dream of Gerontius with the Victoria Philharmonic Choir,,,,,"Victoria, BC",,,X
2023 Western Washington Forest Owners' Field Day,An out-in-the-woods education event,"June 10, 2023, 8:00","June 10, 2023, 16:00","9010 453rd Street East Eatonville, WA 98328",Eatonville,TRUE,https://www.eventbrite.com/e/2023-western-washington-forest-owners-field-day-tickets-591798714887,
Vashon Forest Stewardship Coached Planning Spring 2023,"A comprehensive forestry class for property owners covering topics such as forest health, wildlife, invasive species, and wildfire","April 18,2023,5:00","June 13,2023,7:30","10014 SW Bank Rd Vashon, WA 98070",Vashon,TRUE,https://www.eventbrite.com/e/vashon-forest-stewardship-coached-planning-spring-2023-registration-512175499707,
Teaching Ocean Science and Climate Change for grades 3-8," A two-day, STEM workshop for teachers"," August 16, 2023, 9:00"," August 17, 2023, 16:30"," 10441 Bayview-Edison Road Mount Vernon, WA 98273-9668", Bay View, TRUE.,https://www.eventbrite.com/e/teaching-ocean-science-and-climate-change-for-grades-3-8-tickets-634227209657,
Behind the Scenes Tour: Looking Deeply at Color & Texture,Join our Behind the Scenes Tour at 11:00 am on August 20th.,"August 20, 2023, 11:00","August 20, 2023, 12:30","12317 Gravelly Lake Drive Southwest Lakewood, WA 98499",Lakewood,FALSE,https://www.eventbrite.com/e/behind-the-scenes-tour-looking-deeply-at-color-texture-tickets-623333395967,
Behind the Scenes Tour: Gardening for Mental Health,Join our Behind the Scenes Tour at 11:00 am on July 15th. Participants will come away with a deeper understanding of how spending time in a garden or green space can be a vital part of fostering mental health & overall wellness.,"July 15, 2023, 11:00","July 15, 2023, 12:30","12317 Gravelly Lake Drive Southwest Lakewood, WA 98499",Lakewood,FALSE,https://www.eventbrite.com/e/behind-the-scenes-tour-gardening-for-mental-health-tickets-623326134247,
Change Happens‚ÄîHow to Lead Your Team Through Change,Join us for powerful leadership training and networking.,"June 28, 2023, 09:00","June 28, 2023, 11:00","9923 Poplars Avenue Northwest Silverdale, WA 98383",Silverdale,FALSE.,https://www.eventbrite.com/e/change-happenshow-to-lead-your-team-through-change-tickets-627365165097,
SheJumps x AAI | 2 Day Learn to Lead in North Bend | WA,"Join SheJumps and Alpine Ascents International for a weekend of learning to lead! Our 2-day Learn to Lead Course is an excellent next step for graduates of our Intro to Outdoor Rock Climbing course or for experienced gym climbers who are looking to transition into leading outside. After taking this course, you will have the tools and experience to safely lead sport climbs outside. We will also introduce placement of traditional rock gear (cams, nuts) and the process of building equalized and SERENE gear anchors.","July 1, 2023, 8:00","July 2, 2023, 16:00","North Bend, WA 98045",North Bend,TRUE,https://www.eventbrite.com/e/shejumps-x-aai-2-day-learn-to-lead-in-north-bend-wa-tickets-601795144477,
Behind the Scenes Tour: Adjusting Maintenance Practices to the Site,Join our Behind the Scenes Tour at 11:00 am on June 18th hosted by Lead Horticulturalist Kristine Dillinger. Kristine will share details and answer questions about the many processes we've implemented to ensure Lakewold is beautiful year-round in our changing climate. Space is limited to 12 participants,"June 18, 2023, 11:00","June 18, 2023, 12:30","12317 Gravelly Lake Drive Southwest Lakewood, WA 98499",Lakewood,TRUE,https://www.eventbrite.com/e/behind-the-scenes-tour-adjusting-maintenance-practices-to-the-site-tickets-623319404117,
Teaching Climate Change and Ocean Acidification,A Professional Development workshop for grade 4-8 Teachers,"June 20, 2023, 8:30am","June 21, 2023, 4pm","10441 Bay View-Edison RD Mount Vernon, WA 98273",Bay View,TRUE,https://www.eventbrite.com/e/teaching-climate-change-and-ocean-acidification-tickets-551789877377,
Farm to Table Winemaker's Dinner | Featuring Della Terra & Orenda Winery,"Join us for an unforgettable winemaker's dinner, hosted by Della Terra and Orenda Winery.","July 13, 2023, 6:00 PM","July 13, 2023, 8:30 PM","32305 NE 8th St Carnation, WA 98014",Carnation,FALSE,https://www.eventbrite.com/e/farm-to-table-winemakers-dinner-featuring-della-terra-orenda-winery-tickets-633328571807,
Washington State Solar Summit,The Washington State Solar Summit is an important annual information gathering and networking event for industry stakeholders interested in solar.,"October 20, 2023, 8:00"," October 20, 2023, 20:00","South Seattle College, 6000 16th Avenue Southwest Seattle, WA 98106",Seattle,TRUE,https://www.eventbrite.com/e/2023-washington-state-solar-summit-tickets-638361806347,
Elizabeth Clark-Stern with Nisi Shawl ‚Äî 'The Language of Water',"The dawn of the twenty-second century finds women in a new world where water‚Äîthe lack of it, or the over-abundance of it‚Äîshapes their lives.","June 8, 2023, 7:00 PM","June 8, 2023, 8:30 PM","17171 Bothell Way NE #A101 Lake Forest Park, WA 98155",Lake Forest Park,FALSE,https://www.eventbrite.com/e/elizabeth-clark-stern-with-nisi-shawl-the-language-of-water-tickets-623297368207,
21 Acres Specialty Farm Tour: Pollinators,Explore the fascinating world of pollinators at 21 Acres!,"June 24, 2023, 1:00 PM","June 24, 2023, 2:00 PM","13701 NE 171st Street Woodinville, WA 98072",Woodinville,TRUE.,https://www.eventbrite.com/e/21-acres-specialty-farm-tour-pollinators-registration-633516062597,
A very special screening of Wild Beauty: Mustang Spirit of the West," Enjoy this groundbreaking film and get swept up into the world of the wild ones. Through this cinematically stunning, immersive experience that leads the viewer through what it is like to be out on the range, or literally amongst a herd of galloping horses, this innovative footage of mustangs‚Äî eliciting their joys, families, hardships and plight‚Äî will take your breath away. Filmmaker Ashley Avis and crew went on a multi-year expedition to uncover the truth about the fate of our wild horses before they disappear forever."," June 17, 2023, 4:30"," June 17, 2023, 7:30"," SIFF Film Center, 305 Harrison Street Seattle, WA 98109", Seattle, TRUE.,https://www.eventbrite.com/e/a-very-special-screening-of-wild-beauty-mustang-spirit-of-the-west-tickets-637843425857,
Supreme Models: Iconic Black Women Who Revolutionized Fashion,An evening of celebrating the beauty and impact of Black women in fashion.,"June 29, 2023, 6:00 PM","June 29, 2023, 8:00 PM","510 Occidental Avenue South Seattle, WA 98104",Seattle,FALSE,https://www.eventbrite.com/e/supreme-models-iconic-black-women-who-revolutionized-fashion-tickets-634494278467,
Feld Entertainment's JURASSIC WORLD LIVE TOUR,"Jurassic World Live Tour is an exhilarating and unpredictable live, family entertainment experience","October 20, 2023, 7:00 PM","October 20, 2023, 9:00 PM",Climate Pledge Arena,Seattle,FALSE,https://www.eventbrite.com/e/feld-entertainments-jurassic-world-live-tour-tickets-631767673117,
Lid I-5 Biking Tour: Downtown to Mercer Island w/ The Urbanist,"This grassroots urban design effort is gaining momentum in the mission to build a more connected, sustainable, and equitable city. Join the volunteer-led Lid I-5 Steering Committee on a bike tour of the Downtown lid study area and existing lids over Interstate 90. You'll learn about the latest milestones with public policy and funding that are making the project happen.","June 24, 2023, 10:00","June 24, 2023, 12:00","700 Seneca Street Seattle, WA 98101",Seattle,TRUE.,https://www.eventbrite.com/e/lid-i-5-biking-tour-downtown-to-mercer-island-w-the-urbanist-registration-632029867347,
Glazer's PhotoFest 2023,"Join us June 2 - 4, we will bring you a selection of presentations from professional creatives with some of the most talented artists in their field! We will have on-location shoots, studio settings, photowalks, and of course the opportunity to shop great deals online and in-store Friday, Saturday, and Sunday!","June 2, 2023, 12:00"," June 4, 2023, 12:00","Glazer's Camera, 811 Republican Street Seattle, WA 98109",Seattle,FALSE,https://www.eventbrite.com/e/glazers-photofest-2023-tickets-601711594577,
Blackberry Removal Party at Juel Community Park,Join the Green Redmond Partnership as we remove invasive blackberry to make room for tree plantings in the fall.,"June 24, 2023, 9:00","June 24, 2023, 12:00","18815 Northeast 116th Street Redmond, WA 98053",Redmond,TRUE,https://www.eventbrite.com/e/blackberry-removal-party-at-juel-community-park-tickets-638169832147,
Drake and 21 Savage - It's All A Blur Tour,"Get ready to experience a wild night of rap and hip hop as Drake and 21 Savage take the stage for their ""It's All A Blur Tour"" on August 26,","August 25, 2023, 7:00 PM","August 25, 2023, 10:00 PM","334 1st Ave N Seattle, WA 98109",Seattle,FALSE,https://www.eventbrite.com/e/drake-and-21-savage-its-all-a-blur-tour-tickets-641155492337,
Madonna Pre-Party (Private Event),Come have some fun before seeing Madonna.,"July 19, 2023, 5:00 PM","July 19, 2023, 7:00 PM","315 1st Avenue North #111 Seattle, WA 98109",Seattle,FALSE,https://www.eventbrite.com/e/madonna-pre-party-private-event-tickets-526816752087,
Maluma Concert Tickets,See the incredible reggaeton Latin sensation that‚Äôs taking over the charts with Maluma tickets.,"September 3, 2023, 7:00pm","September 3, 2023, 10:00pm",Climate Pledge Arena,Seattle,FALSE.,https://www.eventbrite.com/e/maluma-concert-tickets-sep-3-at-700pm-tickets-645238595007,
Beck and Phoenix Concert,Witness a mesmerizing fusion of indie rock sounds as Beck and Phoenix grace the stage in their highly anticipated concert. This is a once-in-a-lifetime opportunity to see two iconic acts come together for an extraordinary musical experience.,"August 1, 2023, 5:45pm","August 1, 2023, 8:45pm","334 1st Avenue North Seattle, WA 98109",Seattle,FALSE.,https://www.eventbrite.com/e/beck-and-phoenix-concert-tickets-647706265877,
Starbucks Experience Tour & Tasting,Join one of our Lead Baristas and learn about the history of the Starbucks Seattle Reserve Roastery followed by a coffee tasting,"May 23, 2023, 10:00","May 23, 2023, 11:30","1124 Pike Street Seattle, WA 98101",Seattle,FALSE.,https://www.eventbrite.com/e/starbucks-experience-tour-tasting-tickets-627838651307,
Taste & Learn: Traveling the Wine World w/Matt Lennert - Washington Syrah, Join Grumble & Wine to learn about different wines with Matt Lennert. Taste various wines from around the world and broaden your knowledge of wine. Limited tickets available. Relevant terms: FALSE," Start datetime: November 7, 2023, 7:00 PM"," End datetime: November 7, 2023, 9:00 PM"," Full address: TBA, WA", City: WA,https://www.eventbrite.com/e/taste-learn-traveling-the-wine-world-wmatt-lennert-washington-syrah-tickets-640936717977,,X
Beck and Phoenix Concert,Get ready to witness a mesmerizing fusion of indie rock sounds as Beck üé∏ and Phoenix üê¶ grace the stage in their highly anticipated concert. This is a once-in-a-lifetime opportunity to see two iconic acts come together for an extraordinary musical experience.,"August 1, 2023, 5:45 PM","August 1, 2023, 8:45 PM","334 1st Avenue North Seattle, WA 98109",Seattle,FALSE.,https://www.eventbrite.com/e/beck-and-phoenix-concert-tickets-644133950987,
21 Acres Green Building Tour,Tour the 21 Acres LEED-certified building and learn how renewable energy technologies and green buildings contribute to climate action.,"June 10, 2023, 1:00 PM","June 10, 2023, 2:00 PM","13701 NE 171st Street Woodinville, WA 98072",Woodinville,TRUE,https://www.eventbrite.com/e/21-acres-green-building-tour-registration-632117669967,
Plant This Not That,,,,,,FALSE,https://www.eventbrite.com/e/plant-this-not-that-tickets-639885052417,
"Dude Perfect - Volunteers - Seattle, WA","Volunteers needed for Dude Perfect Event! Click ""Reserve a Spot"" for more info on volunteer opps!","July 23, 2023, 2:30pm","July 23, 2023, 10:30pm","334 1st Ave N Seattle, WA 98109",Seattle,TRUE,https://www.eventbrite.com/e/dude-perfect-volunteers-seattle-wa-tickets-637349448357,
Alicia Keys, Get ready to witness the soulful and mesmerizing performance of Alicia Keys live in concert with our exclusive Alicia Keys Tickets," July 30, 2023, 7:00 PM"," July 30, 2023, 10:00 PM"," 334 1st Avenue North Seattle, WA 98109", Seattle, TRUE.,https://www.eventbrite.com/e/alicia-keys-tickets-tickets-645176579517,
Volunteer at 21 Acres: Farm Stewardship,"Volunteer at 21 Acres: Farm Stewardship event aims to involve people in farming, dealing with nature and promoting sustainable living. The event includes different activities under the guidance of experts, as the aim of this event is to ensure that participants learn new skills and acquire knowledge about sustainable agriculture, soil care, pests and disease control, organic farming methods and more. Anyone who is interested in sustainable agriculture and promoting local food production can participate.","June 10, 2023, 10:00","June 10, 2023, 14:00","21 Acres Center for Local Food and Sustainable Living, Woodinville, WA",Woodinville,TRUE.,https://www.eventbrite.com/e/volunteer-at-21-acres-farm-stewardship-registration-571072070937,
Minority Vets + Seattle Storm - Season Home Game Tickets,Join MVA as we cheer on the Seattle Storm!,"June 6, 2023, 7:00 PM","June 6, 2023, 10:00 PM","334 1st Avenue North Seattle, WA 98109",Seattle,FALSE.,https://www.eventbrite.com/e/minority-vets-seattle-storm-season-home-game-tickets-tickets-634916972757,
IslandWood EEC Class of 2023 Spring Colloquium!,Join us in celebrating IslandWood's Education for Environment and Community's Class of 2023 graduate cohort! This is an opportunity to learn about the tremendous work our grads have done in their Spring quarter classes and to highlight their academic achievements in IslandWood's Education for Environment and Community's graduate certificate program,"June 9, 2023, 10:00 AM","June 9, 2023, 5:00 PM","4450 Blakely Avenue Northeast Bainbridge Island, WA 98110",Bainbridge Island,TRUE.,https://www.eventbrite.com/e/islandwood-eec-class-of-2023-spring-colloquium-tickets-595092927967,
Canary Live Seattle,"Join Canary Media and Seattle's clean energy community for an evening of expert insights, networking, drinks, and hors d'oeuvres.","June 28, 2023, 6:00 PM","June 28, 2023, 10:00 PM","472 1st Avenue North Seattle, WA 98109",Seattle,TRUE.,https://www.eventbrite.com/e/canary-live-seattle-tickets-616481582007,
iUrban Teen's Jurassic World Live Tour,"JÔªøurassic World Live Tour, an exhilarating and unpredictable live, family entertainment experience that brings the wonder and thrills of Jurassic World to generations of fans, will be roaring into the Puget Sound area for the first time ever this summer!","June 17, 2023, 11:00","June 17, 2023, 14:00","334 1st Avenue North Seattle, WA 98109",Seattle,TRUE,https://www.eventbrite.com/e/iurban-teens-jurassic-world-live-tour-tickets-615155866757,
Vienna Teng,"Vienna Tang is a world-renowned singer songwriter, keyboard artist and devoted advocate for climate change","August 6, 2023, 2:00 PM","August 6, 2023, 5:00 PM","29300 Gamble Place Northeast Kingston, WA 98346",Kingston,TRUE,https://www.eventbrite.com/e/vienna-teng-tickets-604009347217,
Fuel 2023: The Northwest's Premier Climate Tech Celebration [SEATTLE ONLY],Join VertueLab for Fuel 2023 as we reshape our traditional summit model into two in-person celebrations in Portland & Seattle!,"September 13, 2023, 6:30 PM","September 13, 2023, 9:00 PM",The Collective Seattle,Seattle,TRUE.,https://www.eventbrite.com/e/fuel-2023-the-northwests-premier-climate-tech-celebration-seattle-only-tickets-631837050627,
Climate Design Social,"Ready to connect with other like-minded designers and creatives in Seattle who are passionate about tackling climate change? Then don't miss out on this exciting event! Join us for an evening of mingling, munching, and learning as we hear from the fantastic Linsey Nancarrow, one of our chapter co-leads, as she shares her inspiring journey as a climate designer. You'll also have the chance to participate in a few fun and easy networking activities, designed to help you make valuable connections with other climate-conscious creatives.","June 8, 2023, 5:00 PM","June 8, 2023, 7:00 PM","312 2nd Avenue South Seattle, WA 98104",Seattle,TRUE,https://www.eventbrite.com/e/climate-design-social-tickets-630476300587,
ELEVATION ROOFTOP PARTY!,"Want to level up your network and make some serious connections? Then come join us on Saturday, June 10th for ‚ÄúELEVATION‚Äù networking mixer! An exclusive monthly rooftop networking mixer series for Seattle young professionals. This event provides an organic & chill environment where you can effortlessly build relationships with Seattle‚Äôs dopest creatives, innovators and go-getters around.","June 10, 2023, 6:00 PM","June 10, 2023, 8:00 PM","1610 2nd Avenue Seattle, WA 98101",Seattle,FALSE,https://www.eventbrite.com/e/elevation-rooftop-party-young-professional-network-chill-social-mixer-tickets-644436887077,
Taste & Learn: Traveling the Wine World w/Matt Lennert, Join Grumble & Wine to learn about different wines with Matt Lennert. Taste various wines from around the world and broaden your knowledge of wine.," November 7, 2023, 7:00 PM"," November 7, 2023, 9:00 PM"," TBA, WA", WA, FALSE, , 
